Cape Verde	GK	Vozinha	Chaves
Cape Verde	DF	Stopira	Torreense
Cape Verde	DF	Diney	Al Bataeh
Cape Verde	DF	Roberto Lopes	Shamrock Rovers
Cape Verde	DF	Logan Costa	Villarreal
Cape Verde	MF	Kevin Pina	Krasnodar
Cape Verde	MF	Jovane Cabral	Estrela Amadora
Cape Verde	MF	João Paulo	FCSB
Cape Verde	FW	Gilson Benchimol	Akron Tolyatti
Cape Verde	MF	Jamiro Monteiro	PEC Zwolle
Cape Verde	MF	Garry Rodrigues	Apollon Limassol
Cape Verde	GK	Márcio Rosa	Montana
Cape Verde	DF	Sidny Lopes Cabral	Benfica
Cape Verde	MF	Deroy Duarte	Ludogorets Razgrad
Cape Verde	MF	Laros Duarte	Puskás Akadémia
Cape Verde	MF	Yannick Semedo	Farense
Cape Verde	MF	Willy Semedo	Omonia
Cape Verde	MF	Telmo Arcanjo	Vitória de Guimarães
Cape Verde	FW	Dailon Livramento	Casa Pia
Cape Verde	FW	Ryan Mendes	Iğdır
Cape Verde	MF	Nuno da Costa	İstanbul Başakşehir
Cape Verde	DF	Steven Moreira	Columbus Crew
Cape Verde	GK	CJ dos Santos	San Diego FC
Cape Verde	DF	Wagner Pina	Trabzonspor
Cape Verde	DF	Kelvin Pires	SJK
Cape Verde	MF	Hélio Varela	Maccabi Tel Aviv
Saudi Arabia	GK	Nawaf Al-Aqidi	Al-Nassr
Saudi Arabia	DF	Ali Majrashi	Al-Ahli
Saudi Arabia	DF	Ali Lajami	Al-Hilal
Saudi Arabia	DF	Abdulelah Al-Amri	Al-Nassr
Saudi Arabia	DF	Hassan Al-Tambakti	Al-Hilal
Saudi Arabia	MF	Nasser Al-Dawsari	Al-Hilal
Saudi Arabia	MF	Musab Al-Juwayr	Al-Qadsiah
Saudi Arabia	FW	Ayman Yahya	Al-Nassr
Saudi Arabia	FW	Firas Al-Buraikan	Al-Ahli
Saudi Arabia	FW	Salem Al-Dawsari	Al-Hilal
Saudi Arabia	FW	Saleh Al-Shehri	Al-Ittihad
Saudi Arabia	DF	Saud Abdulhamid	Lens
Saudi Arabia	DF	Nawaf Boushal	Al-Nassr
Saudi Arabia	DF	Hassan Kadesh	Al-Ittihad
Saudi Arabia	MF	Abdullah Al-Khaibari	Al-Nassr
Saudi Arabia	MF	Ziyad Al-Johani	Al-Ahli
Saudi Arabia	FW	Khalid Al-Ghannam	Al-Ettifaq
Saudi Arabia	MF	Alaa Al-Hejji	Neom
Saudi Arabia	FW	Abdullah Al-Hamdan	Al-Nassr
Saudi Arabia	FW	Sultan Mandash	Al-Hilal
Saudi Arabia	GK	Mohammed Al-Owais	Al-Ula
Saudi Arabia	GK	Ahmed Al-Kassar	Al-Qadsiah
Saudi Arabia	MF	Mohamed Kanno	Al-Hilal
Saudi Arabia	DF	Moteb Al-Harbi	Al-Hilal
Saudi Arabia	DF	Jehad Thakri	Al-Qadsiah
Saudi Arabia	DF	Mohammed Abu Al-Shamat	Al-Qadsiah
Spain	GK	David Raya	Arsenal
Spain	DF	Marc Pubill	Atlético Madrid
Spain	DF	Álex Grimaldo	Bayer Leverkusen
Spain	DF	Eric García	Barcelona
Spain	DF	Marcos Llorente	Atlético Madrid
Spain	MF	Mikel Merino	Arsenal
Spain	FW	Ferran Torres	Barcelona
Spain	MF	Fabián Ruiz	Paris Saint-Germain
Spain	MF	Gavi	Barcelona
Spain	FW	Dani Olmo	Barcelona
Spain	FW	Yéremy Pino	Crystal Palace
Spain	DF	Pedro Porro	Tottenham Hotspur
Spain	GK	Joan Garcia	Barcelona
Spain	DF	Aymeric Laporte	Athletic Bilbao
Spain	MF	Álex Baena	Atlético Madrid
Spain	MF	Rodri	Manchester City
Spain	FW	Nico Williams	Athletic Bilbao
Spain	MF	Martín Zubimendi	Arsenal
Spain	FW	Lamine Yamal	Barcelona
Spain	MF	Pedri	Barcelona
Spain	FW	Mikel Oyarzabal	Real Sociedad
Spain	DF	Pau Cubarsí	Barcelona
Spain	GK	Unai Simón	Athletic Bilbao
Spain	DF	Marc Cucurella	Chelsea
Spain	FW	Víctor Muñoz	Osasuna
Spain	FW	Borja Iglesias	Celta Vigo
Uruguay	GK	Sergio Rochet	Internacional
Uruguay	DF	José Giménez	Atlético Madrid
Uruguay	DF	Sebastián Cáceres	América
Uruguay	DF	Ronald Araújo	Barcelona
Uruguay	MF	Manuel Ugarte	Manchester United
Uruguay	MF	Rodrigo Bentancur	Tottenham Hotspur
Uruguay	MF	Nicolás de la Cruz	Flamengo
Uruguay	MF	Federico Valverde	Real Madrid
Uruguay	FW	Darwin Núñez	Al-Hilal
Uruguay	MF	Giorgian de Arrascaeta	Flamengo
Uruguay	FW	Facundo Pellistri	Panathinaikos
Uruguay	GK	Santiago Mele	Monterrey
Uruguay	DF	Guillermo Varela	Flamengo
Uruguay	MF	Agustín Canobbio	Fluminense
Uruguay	MF	Emiliano Martínez	Palmeiras
Uruguay	DF	Mathías Olivera	Napoli
Uruguay	DF	Matías Viña	River Plate
Uruguay	FW	Brian Rodríguez	América
Uruguay	FW	Rodrigo Aguirre	UANL
Uruguay	MF	Maximiliano Araújo	Sporting CP
Uruguay	FW	Federico Viñas	Oviedo
Uruguay	MF	Joaquín Piquerez	Palmeiras
Uruguay	GK	Fernando Muslera	Estudiantes
Uruguay	DF	Santiago Bueno	Wolverhampton Wanderers
Uruguay	MF	Juan Manuel Sanabria	Real Salt Lake
Uruguay	MF	Rodrigo Zalazar	Braga
